<?xml version="1.0" encoding="UTF-8"?>
<project-private xmlns="http://www.netbeans.org/ns/project-private/1">
    <editor-bookmarks xmlns="http://www.netbeans.org/ns/editor-bookmarks/2" lastBookmarkId="0"/>
    <open-files xmlns="http://www.netbeans.org/ns/projectui-open-files/2">
        <group>
            <file>file:/C:/Users/Admin/Documents/NetBeansProjects/Algoritmos/src/calculadora/Calculadora5.java</file>
            <file>file:/C:/Users/Admin/Documents/NetBeansProjects/Algoritmos/src/calculadora/Calculadora3.java</file>
            <file>file:/C:/Users/Admin/Documents/NetBeansProjects/Algoritmos/src/calculadora/Calculadora4.java</file>
            <file>file:/C:/Users/Admin/Documents/NetBeansProjects/Algoritmos/src/servicios/CalcuService.java</file>
            <file>file:/C:/Users/Admin/Documents/NetBeansProjects/Algoritmos/src/calculadora/Calculadora2.java</file>
        </group>
    </open-files>
</project-private>
